apply_link,city,company,company_domain,date_posted,employment_type,experience_years,is_link_out,job_title,location,match_score,platform_source,potential_gaps,quality_signals,remote_type,salary_range,score_breakdown,skills,sources,why_it_matches,record_id,confidence_score,human_review,source_url,timestamp
https://www.arbeitnow.com/jobs/companies/paddy/ai-product-engineer-bielefeld-8892,Bielefeld,paddy,arbeitnow.com,2026-09-28T14:00:56+00:00,full-time,0-3 yrs,False,AI Product Engineer,Bielefeld (Remote),77.0,Arbeitnow,"⚠ Python not explicitly emphasized, ⚠ Javascript not explicitly emphasized","{'freshness_score': 95.0, 'source_confidence': 90.0, 'listing_quality_score': 95.0, 'risk_signals': []}",remote,Not Disclosed,"{'skills': {'score': 15, 'max': 30}, 'role': {'score': 16, 'max': 20}, 'experience': {'score': 15, 'max': 15}, 'location': {'score': 10, 'max': 10}, 'education': {'score': 5, 'max': 5}, 'employment': {'score': 3, 'max': 5}, 'salary': {'score': 4, 'max': 5}, 'freshness': {'score': 5, 'max': 5}, 'requirements': {'score': 4, 'max': 5}}","Remote, Software Development",arbeitnow,"✓ React, ✓ Ml, ✓ Ai, ✓ 0–3 years experience accepted, ✓ Location fit (Bielefeld (Remote))",rec_abn_ai-product-engineer-biel,77.0%,NO,https://www.arbeitnow.com/jobs/companies/paddy/ai-product-engineer-bielefeld-8892,2026-09-28T15:19:15.342903+00:00
https://www.arbeitnow.com/jobs/companies/nebius/senior-software-engineer-managed-postgresql-165314,None,Nebius,arbeitnow.com,2026-09-28T11:55:04+00:00,full-time,0-3 yrs,False,Senior Software Engineer (Managed PostgreSQL),Remote / Unspecified,77.0,Arbeitnow,"⚠ Python not explicitly emphasized, ⚠ React not explicitly emphasized","{'freshness_score': 95.0, 'source_confidence': 90.0, 'listing_quality_score': 95.0, 'risk_signals': []}",remote,Not Disclosed,"{'skills': {'score': 15, 'max': 30}, 'role': {'score': 16, 'max': 20}, 'experience': {'score': 15, 'max': 15}, 'location': {'score': 10, 'max': 10}, 'education': {'score': 5, 'max': 5}, 'employment': {'score': 3, 'max': 5}, 'salary': {'score': 4, 'max': 5}, 'freshness': {'score': 5, 'max': 5}, 'requirements': {'score': 4, 'max': 5}}",Backend,arbeitnow,"✓ Ml, ✓ Ai, ✓ Sql, ✓ 0–3 years experience accepted, ✓ Location fit (Remote / Unspecified)",rec_abn_senior-software-engineer,77.0%,NO,https://www.arbeitnow.com/jobs/companies/nebius/senior-software-engineer-managed-postgresql-165314,2026-09-28T15:19:15.343458+00:00
https://www.arbeitnow.co.uk/jobs/companies/databricks/lead-solutions-architect-generative-ai-emea-emerging-dnb-210255,None,databricks,arbeitnow.com,2026-09-27T21:55:16+00:00,full-time,0-3 yrs,False,Lead Solutions Architect - Generative AI (EMEA Emerging DNB),Remote / Unspecified,77.0,Arbeitnow,"⚠ React not explicitly emphasized, ⚠ Javascript not explicitly emphasized","{'freshness_score': 95.0, 'source_confidence': 90.0, 'listing_quality_score': 95.0, 'risk_signals': []}",remote,Not Disclosed,"{'skills': {'score': 15, 'max': 30}, 'role': {'score': 16, 'max': 20}, 'experience': {'score': 15, 'max': 15}, 'location': {'score': 10, 'max': 10}, 'education': {'score': 5, 'max': 5}, 'employment': {'score': 3, 'max': 5}, 'salary': {'score': 4, 'max': 5}, 'freshness': {'score': 5, 'max': 5}, 'requirements': {'score': 4, 'max': 5}}",Field Engineering - Other,arbeitnow,"✓ Python, ✓ Ml, ✓ Ai, ✓ 0–3 years experience accepted, ✓ Location fit (Remote / Unspecified)",rec_abn_lead-solutions-architect,77.0%,NO,https://www.arbeitnow.co.uk/jobs/companies/databricks/lead-solutions-architect-generative-ai-emea-emerging-dnb-210255,2026-09-28T15:19:15.343765+00:00
https://www.arbeitnow.ch/jobs/companies/capco/genai-ml-engineer-67759,None,capco,arbeitnow.com,2026-09-28T08:55:24+00:00,full-time,0-3 yrs,False,GenAI/ML Engineer,Remote / Unspecified,77.0,Arbeitnow,"⚠ React not explicitly emphasized, ⚠ Javascript not explicitly emphasized","{'freshness_score': 95.0, 'source_confidence': 90.0, 'listing_quality_score': 95.0, 'risk_signals': []}",remote,Not Disclosed,"{'skills': {'score': 15, 'max': 30}, 'role': {'score': 16, 'max': 20}, 'experience': {'score': 15, 'max': 15}, 'location': {'score': 10, 'max': 10}, 'education': {'score': 5, 'max': 5}, 'employment': {'score': 3, 'max': 5}, 'salary': {'score': 4, 'max': 5}, 'freshness': {'score': 5, 'max': 5}, 'requirements': {'score': 4, 'max': 5}}",Tech & Engineering,arbeitnow,"✓ Python, ✓ Ml, ✓ Ai, ✓ 0–3 years experience accepted, ✓ Location fit (Remote / Unspecified)",rec_abn_genai-ml-engineer-67759,77.0%,NO,https://www.arbeitnow.ch/jobs/companies/capco/genai-ml-engineer-67759,2026-09-28T15:19:15.344054+00:00
https://www.arbeitnow.fr/jobs/companies/ddome/ai-engineer-218713,None,Ddome,arbeitnow.com,2026-09-27T13:55:07+00:00,full-time,0-3 yrs,False,AI Engineer,Remote / Unspecified,76.0,Arbeitnow,"⚠ React not explicitly emphasized, ⚠ Javascript not explicitly emphasized","{'freshness_score': 95.0, 'source_confidence': 90.0, 'listing_quality_score': 95.0, 'risk_signals': []}",remote,Not Disclosed,"{'skills': {'score': 15, 'max': 30}, 'role': {'score': 16, 'max': 20}, 'experience': {'score': 15, 'max': 15}, 'location': {'score': 10, 'max': 10}, 'education': {'score': 5, 'max': 5}, 'employment': {'score': 3, 'max': 5}, 'salary': {'score': 4, 'max': 5}, 'freshness': {'score': 4, 'max': 5}, 'requirements': {'score': 4, 'max': 5}}",Threat Research,arbeitnow,"✓ Python, ✓ Ml, ✓ Ai, ✓ 0–3 years experience accepted, ✓ Location fit (Remote / Unspecified)",rec_abn_ai-engineer-218713,76.0%,NO,https://www.arbeitnow.fr/jobs/companies/ddome/ai-engineer-218713,2026-09-28T15:19:15.344337+00:00
https://www.arbeitnow.co.uk/jobs/companies/remotecom/cx-ai-automation-lead-350049,None,remotecom,arbeitnow.com,2026-09-27T15:55:17+00:00,full-time,0-3 yrs,False,CX AI & Automation Lead,Remote / Unspecified,72.0,Arbeitnow,"⚠ Python not explicitly emphasized, ⚠ React not explicitly emphasized","{'freshness_score': 95.0, 'source_confidence': 90.0, 'listing_quality_score': 95.0, 'risk_signals': []}",remote,Not Disclosed,"{'skills': {'score': 10, 'max': 30}, 'role': {'score': 16, 'max': 20}, 'experience': {'score': 15, 'max': 15}, 'location': {'score': 10, 'max': 10}, 'education': {'score': 5, 'max': 5}, 'employment': {'score': 3, 'max': 5}, 'salary': {'score': 4, 'max': 5}, 'freshness': {'score': 5, 'max': 5}, 'requirements': {'score': 4, 'max': 5}}",Customer Experience,arbeitnow,"✓ Ml, ✓ Ai, ✓ 0–3 years experience accepted, ✓ Location fit (Remote / Unspecified), ✓ Education qualifications satisfied",rec_abn_cx-ai-automation-lead-35,72.0%,NO,https://www.arbeitnow.co.uk/jobs/companies/remotecom/cx-ai-automation-lead-350049,2026-09-28T15:19:15.344614+00:00
https://stripe.com/jobs/search?gh_jid=7517535,Seattle,Stripe,stripe.com,2026-09-25T16:44:37-04:00,full-time,0-5 yrs,False,"Staff Product Manager, ML Foundations and GenAI","Seattle, San Francisco, New York, US - Remote",71.0,Greenhouse,"⚠ Python not explicitly emphasized, ⚠ React not explicitly emphasized","{'freshness_score': 95.0, 'source_confidence': 98.0, 'listing_quality_score': 85.0, 'risk_signals': []}",remote,Not Disclosed,"{'skills': {'score': 10, 'max': 30}, 'role': {'score': 16, 'max': 20}, 'experience': {'score': 15, 'max': 15}, 'location': {'score': 10, 'max': 10}, 'education': {'score': 5, 'max': 5}, 'employment': {'score': 3, 'max': 5}, 'salary': {'score': 4, 'max': 5}, 'freshness': {'score': 4, 'max': 5}, 'requirements': {'score': 4, 'max': 5}}","Ml, Ai","greenhouse, company-careers","✓ Ml, ✓ Ai, ✓ 0–5 years experience accepted, ✓ Location fit (Seattle, San Francisco, New York, US - Remote), ✓ Education qualifications satisfied",rec_gh_stripe_7517535,71.0%,NO,https://stripe.com/jobs/search?gh_jid=7517535,2026-09-28T15:19:15.344896+00:00
https://jobs.lever.co/meesho/f2de8c5f-1636-428d-aaea-af1400142975,Bangalore,Meesho,meesho.com,2026-06-18T05:45:40.805000+00:00,full time employee,0-5 yrs,False,Security Architect - AI-Powered Security Engineering,"Bangalore, Karnataka, India",70.0,Lever,"⚠ Python not explicitly emphasized, ⚠ React not explicitly emphasized","{'freshness_score': 80.0, 'source_confidence': 98.0, 'listing_quality_score': 95.0, 'risk_signals': []}",on-site,Not Disclosed,"{'skills': {'score': 10, 'max': 30}, 'role': {'score': 16, 'max': 20}, 'experience': {'score': 15, 'max': 15}, 'location': {'score': 10, 'max': 10}, 'education': {'score': 5, 'max': 5}, 'employment': {'score': 3, 'max': 5}, 'salary': {'score': 4, 'max': 5}, 'freshness': {'score': 3, 'max': 5}, 'requirements': {'score': 4, 'max': 5}}",Ai,"lever, company-careers","✓ Ml, ✓ Ai, ✓ 0–5 years experience accepted, ✓ Location fit (Bangalore, Karnataka, India), ✓ Education qualifications satisfied",rec_lev_meesho_f2de8c5f-1636-428d-aaea-af1400142975,70.0%,NO,https://jobs.lever.co/meesho/f2de8c5f-1636-428d-aaea-af1400142975,2026-09-28T15:19:15.345180+00:00
https://www.arbeitnow.com/jobs/companies/kevin-kehr/remote-trainee-im-finanzvertrieb-karriere-mit-struktur-verantwortung-und-perspektive-german-speaking-hamburg-229570,Homeoffice,Kevin Kehr,arbeitnow.com,2026-09-28T11:30:13+00:00,full-time,0-3 yrs,False,"Trainee (m/w/d) im Finanzvertrieb – Karriere mit Struktur, Verantwortung und Perspektive (German Speaking)",Homeoffice (Remote),67.0,Arbeitnow,"⚠ Python not explicitly emphasized, ⚠ React not explicitly emphasized","{'freshness_score': 95.0, 'source_confidence': 90.0, 'listing_quality_score': 95.0, 'risk_signals': []}",remote,Not Disclosed,"{'skills': {'score': 5, 'max': 30}, 'role': {'score': 16, 'max': 20}, 'experience': {'score': 15, 'max': 15}, 'location': {'score': 10, 'max': 10}, 'education': {'score': 5, 'max': 5}, 'employment': {'score': 3, 'max': 5}, 'salary': {'score': 4, 'max': 5}, 'freshness': {'score': 5, 'max': 5}, 'requirements': {'score': 4, 'max': 5}}",Remote,arbeitnow,"✓ Ai, ✓ 0–3 years experience accepted, ✓ Location fit (Homeoffice (Remote)), ✓ Education qualifications satisfied, ✓ Fresh posting (< 24h old)",rec_abn_remote-trainee-im-finanz,67.0%,NO,https://www.arbeitnow.com/jobs/companies/kevin-kehr/remote-trainee-im-finanzvertrieb-karriere-mit-struktur-verantwortung-und-perspektive-german-speaking-hamburg-229570,2026-09-28T15:19:15.345465+00:00
https://www.arbeitnow.co.uk/jobs/companies/transperfect/remote-slovenian-language-trainer-anywhere-in-emea-region-226625,Remote job,TransPerfect,arbeitnow.com,2026-09-27T21:30:37+00:00,full-time,0-3 yrs,False,Slovenian language trainer,Remote job (Remote),67.0,Arbeitnow,"⚠ Python not explicitly emphasized, ⚠ React not explicitly emphasized","{'freshness_score': 95.0, 'source_confidence': 90.0, 'listing_quality_score': 95.0, 'risk_signals': []}",remote,Not Disclosed,"{'skills': {'score': 5, 'max': 30}, 'role': {'score': 16, 'max': 20}, 'experience': {'score': 15, 'max': 15}, 'location': {'score': 10, 'max': 10}, 'education': {'score': 5, 'max': 5}, 'employment': {'score': 3, 'max': 5}, 'salary': {'score': 4, 'max': 5}, 'freshness': {'score': 5, 'max': 5}, 'requirements': {'score': 4, 'max': 5}}",Remote,arbeitnow,"✓ Ai, ✓ 0–3 years experience accepted, ✓ Location fit (Remote job (Remote)), ✓ Education qualifications satisfied, ✓ Fresh posting (< 24h old)",rec_abn_remote-slovenian-languag,67.0%,NO,https://www.arbeitnow.co.uk/jobs/companies/transperfect/remote-slovenian-language-trainer-anywhere-in-emea-region-226625,2026-09-28T15:19:15.345750+00:00
https://www.arbeitnow.co.uk/jobs/companies/transperfect/remote-croatian-language-trainer-anywhere-in-emea-region-449504,Remote job,TransPerfect,arbeitnow.com,2026-09-27T21:30:37+00:00,full-time,0-3 yrs,False,Croatian language trainer,Remote job (Remote),67.0,Arbeitnow,"⚠ Python not explicitly emphasized, ⚠ React not explicitly emphasized","{'freshness_score': 95.0, 'source_confidence': 90.0, 'listing_quality_score': 95.0, 'risk_signals': []}",remote,Not Disclosed,"{'skills': {'score': 5, 'max': 30}, 'role': {'score': 16, 'max': 20}, 'experience': {'score': 15, 'max': 15}, 'location': {'score': 10, 'max': 10}, 'education': {'score': 5, 'max': 5}, 'employment': {'score': 3, 'max': 5}, 'salary': {'score': 4, 'max': 5}, 'freshness': {'score': 5, 'max': 5}, 'requirements': {'score': 4, 'max': 5}}",Remote,arbeitnow,"✓ Ai, ✓ 0–3 years experience accepted, ✓ Location fit (Remote job (Remote)), ✓ Education qualifications satisfied, ✓ Fresh posting (< 24h old)",rec_abn_remote-croatian-language,67.0%,NO,https://www.arbeitnow.co.uk/jobs/companies/transperfect/remote-croatian-language-trainer-anywhere-in-emea-region-449504,2026-09-28T15:19:15.346022+00:00
https://www.arbeitnow.ch/jobs/companies/xebiadach/senior-key-account-manager-dataai-245786,None,Xebiadach,arbeitnow.com,2026-09-28T02:55:13+00:00,full-time,0-3 yrs,False,Senior Key Account Manager - Data&AI,Remote / Unspecified,67.0,Arbeitnow,"⚠ Python not explicitly emphasized, ⚠ React not explicitly emphasized","{'freshness_score': 95.0, 'source_confidence': 90.0, 'listing_quality_score': 95.0, 'risk_signals': []}",remote,Not Disclosed,"{'skills': {'score': 5, 'max': 30}, 'role': {'score': 16, 'max': 20}, 'experience': {'score': 15, 'max': 15}, 'location': {'score': 10, 'max': 10}, 'education': {'score': 5, 'max': 5}, 'employment': {'score': 3, 'max': 5}, 'salary': {'score': 4, 'max': 5}, 'freshness': {'score': 5, 'max': 5}, 'requirements': {'score': 4, 'max': 5}}",Delivery,arbeitnow,"✓ Ai, ✓ 0–3 years experience accepted, ✓ Location fit (Remote / Unspecified), ✓ Education qualifications satisfied, ✓ Fresh posting (< 24h old)",rec_abn_senior-key-account-manag,67.0%,NO,https://www.arbeitnow.ch/jobs/companies/xebiadach/senior-key-account-manager-dataai-245786,2026-09-28T15:19:15.346293+00:00
https://stripe.com/jobs/search?gh_jid=7584016,San Francisco,Stripe,stripe.com,2026-09-25T16:44:38-04:00,full-time,0-5 yrs,False,Campaign Strategy & Operations Manager,"San Francisco, Seattle, New York, Chicago, Remote in the US",66.0,Greenhouse,"⚠ Python not explicitly emphasized, ⚠ React not explicitly emphasized","{'freshness_score': 95.0, 'source_confidence': 98.0, 'listing_quality_score': 85.0, 'risk_signals': []}",remote,Not Disclosed,"{'skills': {'score': 5, 'max': 30}, 'role': {'score': 16, 'max': 20}, 'experience': {'score': 15, 'max': 15}, 'location': {'score': 10, 'max': 10}, 'education': {'score': 5, 'max': 5}, 'employment': {'score': 3, 'max': 5}, 'salary': {'score': 4, 'max': 5}, 'freshness': {'score': 4, 'max': 5}, 'requirements': {'score': 4, 'max': 5}}",Ai,"greenhouse, company-careers","✓ Ai, ✓ 0–5 years experience accepted, ✓ Location fit (San Francisco, Seattle, New York, Chicago, Remote in the US), ✓ Education qualifications satisfied",rec_gh_stripe_7584016,66.0%,NO,https://stripe.com/jobs/search?gh_jid=7584016,2026-09-28T15:19:15.346570+00:00
https://stripe.com/jobs/search?gh_jid=8055930,Remote in the US,Stripe,stripe.com,2026-09-25T16:44:49-04:00,full-time,0-5 yrs,False,"Forward Deployed AI Accelerator, Marketing","Remote in the US, Remote in Canada",66.0,Greenhouse,"⚠ Python not explicitly emphasized, ⚠ React not explicitly emphasized","{'freshness_score': 95.0, 'source_confidence': 98.0, 'listing_quality_score': 85.0, 'risk_signals': []}",remote,Not Disclosed,"{'skills': {'score': 5, 'max': 30}, 'role': {'score': 16, 'max': 20}, 'experience': {'score': 15, 'max': 15}, 'location': {'score': 10, 'max': 10}, 'education': {'score': 5, 'max': 5}, 'employment': {'score': 3, 'max': 5}, 'salary': {'score': 4, 'max': 5}, 'freshness': {'score': 4, 'max': 5}, 'requirements': {'score': 4, 'max': 5}}",Ai,"greenhouse, company-careers","✓ Ai, ✓ 0–5 years experience accepted, ✓ Location fit (Remote in the US, Remote in Canada), ✓ Education qualifications satisfied",rec_gh_stripe_8055930,66.0%,NO,https://stripe.com/jobs/search?gh_jid=8055930,2026-09-28T15:19:15.346845+00:00
https://stripe.com/jobs/search?gh_jid=8067276,US,Stripe,stripe.com,2026-09-25T16:44:50-04:00,full-time,0-5 yrs,False,"Integrated Campaigns Manager - Stablecoins, Crypto, and Bridge","US, Remote",66.0,Greenhouse,"⚠ Python not explicitly emphasized, ⚠ React not explicitly emphasized","{'freshness_score': 95.0, 'source_confidence': 98.0, 'listing_quality_score': 85.0, 'risk_signals': []}",remote,Not Disclosed,"{'skills': {'score': 5, 'max': 30}, 'role': {'score': 16, 'max': 20}, 'experience': {'score': 15, 'max': 15}, 'location': {'score': 10, 'max': 10}, 'education': {'score': 5, 'max': 5}, 'employment': {'score': 3, 'max': 5}, 'salary': {'score': 4, 'max': 5}, 'freshness': {'score': 4, 'max': 5}, 'requirements': {'score': 4, 'max': 5}}",Ai,"greenhouse, company-careers","✓ Ai, ✓ 0–5 years experience accepted, ✓ Location fit (US, Remote), ✓ Education qualifications satisfied",rec_gh_stripe_8067276,66.0%,NO,https://stripe.com/jobs/search?gh_jid=8067276,2026-09-28T15:19:15.347117+00:00
https://stripe.com/jobs/search?gh_jid=7913698,New York,Stripe,stripe.com,2026-09-25T16:44:43-04:00,full-time,0-5 yrs,False,"Staff Product Manager, Sail Core","New York, US - Remote, Toronto",66.0,Greenhouse,"⚠ Python not explicitly emphasized, ⚠ React not explicitly emphasized","{'freshness_score': 95.0, 'source_confidence': 98.0, 'listing_quality_score': 85.0, 'risk_signals': []}",remote,Not Disclosed,"{'skills': {'score': 5, 'max': 30}, 'role': {'score': 16, 'max': 20}, 'experience': {'score': 15, 'max': 15}, 'location': {'score': 10, 'max': 10}, 'education': {'score': 5, 'max': 5}, 'employment': {'score': 3, 'max': 5}, 'salary': {'score': 4, 'max': 5}, 'freshness': {'score': 4, 'max': 5}, 'requirements': {'score': 4, 'max': 5}}",Ai,"greenhouse, company-careers","✓ Ai, ✓ 0–5 years experience accepted, ✓ Location fit (New York, US - Remote, Toronto), ✓ Education qualifications satisfied",rec_gh_stripe_7913698,66.0%,NO,https://stripe.com/jobs/search?gh_jid=7913698,2026-09-28T15:19:15.347386+00:00
https://job-boards.greenhouse.io/inmobi/jobs/8027959,Bangalore,InMobi,inmobi.com,2026-09-24T04:31:32-04:00,full-time,0-5 yrs,False,Lead - Account Management - Paid Search,"Bangalore, Karnataka, India",65.0,Greenhouse,"⚠ Python not explicitly emphasized, ⚠ React not explicitly emphasized","{'freshness_score': 80.0, 'source_confidence': 98.0, 'listing_quality_score': 85.0, 'risk_signals': []}",on-site,Not Disclosed,"{'skills': {'score': 5, 'max': 30}, 'role': {'score': 16, 'max': 20}, 'experience': {'score': 15, 'max': 15}, 'location': {'score': 10, 'max': 10}, 'education': {'score': 5, 'max': 5}, 'employment': {'score': 3, 'max': 5}, 'salary': {'score': 4, 'max': 5}, 'freshness': {'score': 3, 'max': 5}, 'requirements': {'score': 4, 'max': 5}}",Ai,"greenhouse, company-careers","✓ Ai, ✓ 0–5 years experience accepted, ✓ Location fit (Bangalore, Karnataka, India), ✓ Education qualifications satisfied",rec_gh_inmobi_8027959,65.0%,NO,https://job-boards.greenhouse.io/inmobi/jobs/8027959,2026-09-28T15:19:15.347664+00:00
https://job-boards.greenhouse.io/inmobi/jobs/8073988,Bangalore,InMobi,inmobi.com,2026-09-24T04:31:32-04:00,full-time,0-5 yrs,False,SDE II - AI,"Bangalore, Karnataka, India",65.0,Greenhouse,"⚠ Python not explicitly emphasized, ⚠ React not explicitly emphasized","{'freshness_score': 80.0, 'source_confidence': 98.0, 'listing_quality_score': 70.0, 'risk_signals': []}",on-site,Not Disclosed,"{'skills': {'score': 5, 'max': 30}, 'role': {'score': 16, 'max': 20}, 'experience': {'score': 15, 'max': 15}, 'location': {'score': 10, 'max': 10}, 'education': {'score': 5, 'max': 5}, 'employment': {'score': 3, 'max': 5}, 'salary': {'score': 4, 'max': 5}, 'freshness': {'score': 3, 'max': 5}, 'requirements': {'score': 4, 'max': 5}}",Ai,"greenhouse, company-careers","✓ Ai, ✓ 0–5 years experience accepted, ✓ Location fit (Bangalore, Karnataka, India), ✓ Education qualifications satisfied",rec_gh_inmobi_8073988,65.0%,NO,https://job-boards.greenhouse.io/inmobi/jobs/8073988,2026-09-28T15:19:15.347938+00:00
https://job-boards.greenhouse.io/inmobi/jobs/8019835,Bangalore,InMobi,inmobi.com,2026-09-24T04:31:32-04:00,full-time,0-5 yrs,False,Staff Engineer 1 – Salesforce AI,"Bangalore, Karnataka, India",65.0,Greenhouse,"⚠ Python not explicitly emphasized, ⚠ React not explicitly emphasized","{'freshness_score': 80.0, 'source_confidence': 98.0, 'listing_quality_score': 70.0, 'risk_signals': []}",on-site,Not Disclosed,"{'skills': {'score': 5, 'max': 30}, 'role': {'score': 16, 'max': 20}, 'experience': {'score': 15, 'max': 15}, 'location': {'score': 10, 'max': 10}, 'education': {'score': 5, 'max': 5}, 'employment': {'score': 3, 'max': 5}, 'salary': {'score': 4, 'max': 5}, 'freshness': {'score': 3, 'max': 5}, 'requirements': {'score': 4, 'max': 5}}",Ai,"greenhouse, company-careers","✓ Ai, ✓ 0–5 years experience accepted, ✓ Location fit (Bangalore, Karnataka, India), ✓ Education qualifications satisfied",rec_gh_inmobi_8019835,65.0%,NO,https://job-boards.greenhouse.io/inmobi/jobs/8019835,2026-09-28T15:19:15.348199+00:00
https://jobs.lever.co/meesho/a1cc7ad9-a233-4ba6-b53b-e56116f6ac27,Bangalore,Meesho,meesho.com,2026-07-31T09:37:31.212000+00:00,full time employee,0-5 yrs,False,Engineering Manager – AI Engineering,"Bangalore, Karnataka, India",65.0,Lever,"⚠ Python not explicitly emphasized, ⚠ React not explicitly emphasized","{'freshness_score': 80.0, 'source_confidence': 98.0, 'listing_quality_score': 95.0, 'risk_signals': []}",on-site,Not Disclosed,"{'skills': {'score': 5, 'max': 30}, 'role': {'score': 16, 'max': 20}, 'experience': {'score': 15, 'max': 15}, 'location': {'score': 10, 'max': 10}, 'education': {'score': 5, 'max': 5}, 'employment': {'score': 3, 'max': 5}, 'salary': {'score': 4, 'max': 5}, 'freshness': {'score': 3, 'max': 5}, 'requirements': {'score': 4, 'max': 5}}",Ai,"lever, company-careers","✓ Ai, ✓ 0–5 years experience accepted, ✓ Location fit (Bangalore, Karnataka, India), ✓ Education qualifications satisfied",rec_lev_meesho_a1cc7ad9-a233-4ba6-b53b-e56116f6ac27,65.0%,NO,https://jobs.lever.co/meesho/a1cc7ad9-a233-4ba6-b53b-e56116f6ac27,2026-09-28T15:19:15.348902+00:00
https://jobs.lever.co/meesho/1de2fc88-e203-4f1a-8046-55df700de4be,Bangalore,Meesho,meesho.com,2025-07-30T12:03:27.507000+00:00,trainee,0-5 yrs,False,Trainee - Recruitment Coordinator,"Bangalore, Karnataka, India",65.0,Lever,"⚠ Python not explicitly emphasized, ⚠ React not explicitly emphasized","{'freshness_score': 80.0, 'source_confidence': 98.0, 'listing_quality_score': 95.0, 'risk_signals': []}",on-site,Not Disclosed,"{'skills': {'score': 5, 'max': 30}, 'role': {'score': 16, 'max': 20}, 'experience': {'score': 15, 'max': 15}, 'location': {'score': 10, 'max': 10}, 'education': {'score': 5, 'max': 5}, 'employment': {'score': 3, 'max': 5}, 'salary': {'score': 4, 'max': 5}, 'freshness': {'score': 3, 'max': 5}, 'requirements': {'score': 4, 'max': 5}}",Ai,"lever, company-careers","✓ Ai, ✓ 0–5 years experience accepted, ✓ Location fit (Bangalore, Karnataka, India), ✓ Education qualifications satisfied",rec_lev_meesho_1de2fc88-e203-4f1a-8046-55df700de4be,65.0%,NO,https://jobs.lever.co/meesho/1de2fc88-e203-4f1a-8046-55df700de4be,2026-09-28T15:19:15.349267+00:00
https://jobs.ashbyhq.com/cursor/409d6bff-d60c-45b7-8d4c-21f6574010de,Remote,Cursor,cursor.com,2026-03-06T20:22:15.195+00:00,fulltime,0-5 yrs,False,"Strategic Account Executive, Retail",Remote,65.0,Ashby,"⚠ Python not explicitly emphasized, ⚠ React not explicitly emphasized","{'freshness_score': 80.0, 'source_confidence': 98.0, 'listing_quality_score': 70.0, 'risk_signals': []}",remote,Not Disclosed,"{'skills': {'score': 5, 'max': 30}, 'role': {'score': 16, 'max': 20}, 'experience': {'score': 15, 'max': 15}, 'location': {'score': 10, 'max': 10}, 'education': {'score': 5, 'max': 5}, 'employment': {'score': 3, 'max': 5}, 'salary': {'score': 4, 'max': 5}, 'freshness': {'score': 3, 'max': 5}, 'requirements': {'score': 4, 'max': 5}}",Ai,"ashby, company-careers","✓ Ai, ✓ 0–5 years experience accepted, ✓ Location fit (Remote), ✓ Education qualifications satisfied",rec_ash_cursor_409d6bff-d60c-45b7-8d4c-21f6574010de,65.0%,NO,https://jobs.ashbyhq.com/cursor/409d6bff-d60c-45b7-8d4c-21f6574010de,2026-09-28T15:19:15.349570+00:00
https://jobs.ashbyhq.com/cursor/59d55195-2a9e-4b07-a9fc-b721008bc378,Bangalore,Cursor,cursor.com,2026-08-07T03:24:38.773+00:00,fulltime,0-5 yrs,False,Ai Deployment Manager - India,"Bangalore, Karnataka, India",65.0,Ashby,"⚠ Python not explicitly emphasized, ⚠ React not explicitly emphasized","{'freshness_score': 80.0, 'source_confidence': 98.0, 'listing_quality_score': 70.0, 'risk_signals': []}",on-site,Not Disclosed,"{'skills': {'score': 5, 'max': 30}, 'role': {'score': 16, 'max': 20}, 'experience': {'score': 15, 'max': 15}, 'location': {'score': 10, 'max': 10}, 'education': {'score': 5, 'max': 5}, 'employment': {'score': 3, 'max': 5}, 'salary': {'score': 4, 'max': 5}, 'freshness': {'score': 3, 'max': 5}, 'requirements': {'score': 4, 'max': 5}}",Ai,"ashby, company-careers","✓ Ai, ✓ 0–5 years experience accepted, ✓ Location fit (Bangalore, Karnataka, India), ✓ Education qualifications satisfied",rec_ash_cursor_59d55195-2a9e-4b07-a9fc-b721008bc378,65.0%,NO,https://jobs.ashbyhq.com/cursor/59d55195-2a9e-4b07-a9fc-b721008bc378,2026-09-28T15:19:15.349850+00:00
https://jobs.ashbyhq.com/cursor/0130118d-1cce-4eea-8325-2fc95ab6c584,Remote,Cursor,cursor.com,2026-09-24T19:36:43.898+00:00,fulltime,0-5 yrs,False,"AI Deployment Manager, Scale",Remote,65.0,Ashby,"⚠ Python not explicitly emphasized, ⚠ React not explicitly emphasized","{'freshness_score': 80.0, 'source_confidence': 98.0, 'listing_quality_score': 70.0, 'risk_signals': []}",remote,Not Disclosed,"{'skills': {'score': 5, 'max': 30}, 'role': {'score': 16, 'max': 20}, 'experience': {'score': 15, 'max': 15}, 'location': {'score': 10, 'max': 10}, 'education': {'score': 5, 'max': 5}, 'employment': {'score': 3, 'max': 5}, 'salary': {'score': 4, 'max': 5}, 'freshness': {'score': 3, 'max': 5}, 'requirements': {'score': 4, 'max': 5}}",Ai,"ashby, company-careers","✓ Ai, ✓ 0–5 years experience accepted, ✓ Location fit (Remote), ✓ Education qualifications satisfied",rec_ash_cursor_0130118d-1cce-4eea-8325-2fc95ab6c584,65.0%,NO,https://jobs.ashbyhq.com/cursor/0130118d-1cce-4eea-8325-2fc95ab6c584,2026-09-28T15:19:15.350129+00:00
https://jobs.ashbyhq.com/supabase/3b5d54ca-741b-45ac-bd3f-31605a0d3541,Remote,Supabase,supabase.com,2026-07-31T18:56:39.246+00:00,fulltime,0-5 yrs,False,AI Platform Engineer,"Remote, Global",65.0,Ashby,"⚠ Python not explicitly emphasized, ⚠ React not explicitly emphasized","{'freshness_score': 80.0, 'source_confidence': 98.0, 'listing_quality_score': 70.0, 'risk_signals': []}",remote,Not Disclosed,"{'skills': {'score': 5, 'max': 30}, 'role': {'score': 16, 'max': 20}, 'experience': {'score': 15, 'max': 15}, 'location': {'score': 10, 'max': 10}, 'education': {'score': 5, 'max': 5}, 'employment': {'score': 3, 'max': 5}, 'salary': {'score': 4, 'max': 5}, 'freshness': {'score': 3, 'max': 5}, 'requirements': {'score': 4, 'max': 5}}",Ai,"ashby, company-careers","✓ Ai, ✓ 0–5 years experience accepted, ✓ Location fit (Remote, Global), ✓ Education qualifications satisfied",rec_ash_supabase_3b5d54ca-741b-45ac-bd3f-31605a0d3541,65.0%,NO,https://jobs.ashbyhq.com/supabase/3b5d54ca-741b-45ac-bd3f-31605a0d3541,2026-09-28T15:19:15.350427+00:00
https://jobs.lever.co/meesho/c84e4b2c-653a-4cf8-abd9-e70d0c5e4cd8,Chennai,Meesho,meesho.com,2026-09-22T08:29:28.274000+00:00,full time employee,0-5 yrs,False,Cluster Head- Last mile - Chennai,"Chennai, Tamil Nadu, India",57.0,Lever,"⚠ Python not explicitly emphasized, ⚠ React not explicitly emphasized, ⚠ Located in Chennai, Tamil Nadu, India","{'freshness_score': 80.0, 'source_confidence': 98.0, 'listing_quality_score': 95.0, 'risk_signals': []}",on-site,Not Disclosed,"{'skills': {'score': 5, 'max': 30}, 'role': {'score': 16, 'max': 20}, 'experience': {'score': 15, 'max': 15}, 'location': {'score': 2, 'max': 10}, 'education': {'score': 5, 'max': 5}, 'employment': {'score': 3, 'max': 5}, 'salary': {'score': 4, 'max': 5}, 'freshness': {'score': 3, 'max': 5}, 'requirements': {'score': 4, 'max': 5}}",Ai,"lever, company-careers","✓ Ai, ✓ 0–5 years experience accepted, ✓ Education qualifications satisfied",rec_lev_meesho_c84e4b2c-653a-4cf8-abd9-e70d0c5e4cd8,57.0%,NO,https://jobs.lever.co/meesho/c84e4b2c-653a-4cf8-abd9-e70d0c5e4cd8,2026-09-28T15:19:15.350700+00:00
https://jobs.lever.co/meesho/122c2edd-ea44-41fd-a06f-ecc79588f6c6,Delhi NCR,Meesho,meesho.com,2026-07-01T06:48:50.474000+00:00,full time employee,0-5 yrs,False,"Director – Sales, Meesho AI Services (MAS) | North India","Delhi NCR, Delhi NCR, India",57.0,Lever,"⚠ Python not explicitly emphasized, ⚠ React not explicitly emphasized, ⚠ Located in Delhi NCR, Delhi NCR, India","{'freshness_score': 80.0, 'source_confidence': 98.0, 'listing_quality_score': 95.0, 'risk_signals': []}",on-site,Not Disclosed,"{'skills': {'score': 5, 'max': 30}, 'role': {'score': 16, 'max': 20}, 'experience': {'score': 15, 'max': 15}, 'location': {'score': 2, 'max': 10}, 'education': {'score': 5, 'max': 5}, 'employment': {'score': 3, 'max': 5}, 'salary': {'score': 4, 'max': 5}, 'freshness': {'score': 3, 'max': 5}, 'requirements': {'score': 4, 'max': 5}}",Ai,"company-careers, lever","✓ Ai, ✓ 0–5 years experience accepted, ✓ Education qualifications satisfied",rec_lev_meesho_122c2edd-ea44-41fd-a06f-ecc79588f6c6,57.0%,NO,https://jobs.lever.co/meesho/122c2edd-ea44-41fd-a06f-ecc79588f6c6,2026-09-28T15:19:15.350973+00:00
https://jobs.ashbyhq.com/linear/d062065e-05bb-42ce-a430-ec205695cc2e,North America,Linear,linear.app,2026-05-28T20:46:41.811+00:00,fulltime,0-5 yrs,False,"Product Support Specialist, Pacific/Mountain Time",North America,57.0,Ashby,"⚠ Python not explicitly emphasized, ⚠ React not explicitly emphasized, ⚠ Located in North America","{'freshness_score': 80.0, 'source_confidence': 98.0, 'listing_quality_score': 85.0, 'risk_signals': []}",remote,Not Disclosed,"{'skills': {'score': 5, 'max': 30}, 'role': {'score': 16, 'max': 20}, 'experience': {'score': 15, 'max': 15}, 'location': {'score': 2, 'max': 10}, 'education': {'score': 5, 'max': 5}, 'employment': {'score': 3, 'max': 5}, 'salary': {'score': 4, 'max': 5}, 'freshness': {'score': 3, 'max': 5}, 'requirements': {'score': 4, 'max': 5}}",Ai,"ashby, company-careers","✓ Ai, ✓ 0–5 years experience accepted, ✓ Education qualifications satisfied",rec_ash_linear_d062065e-05bb-42ce-a430-ec205695cc2e,57.0%,NO,https://jobs.ashbyhq.com/linear/d062065e-05bb-42ce-a430-ec205695cc2e,2026-09-28T15:19:15.351254+00:00
https://jobs.ashbyhq.com/linear/b4a7764e-c680-4bdf-9956-dc78f2ca94d5,North America,Linear,linear.app,2025-07-10T19:17:43.653+00:00,fulltime,0-5 yrs,False,"Senior / Staff Product Engineer, AI",North America,57.0,Ashby,"⚠ Python not explicitly emphasized, ⚠ React not explicitly emphasized, ⚠ Located in North America","{'freshness_score': 80.0, 'source_confidence': 98.0, 'listing_quality_score': 70.0, 'risk_signals': []}",remote,Not Disclosed,"{'skills': {'score': 5, 'max': 30}, 'role': {'score': 16, 'max': 20}, 'experience': {'score': 15, 'max': 15}, 'location': {'score': 2, 'max': 10}, 'education': {'score': 5, 'max': 5}, 'employment': {'score': 3, 'max': 5}, 'salary': {'score': 4, 'max': 5}, 'freshness': {'score': 3, 'max': 5}, 'requirements': {'score': 4, 'max': 5}}",Ai,"ashby, company-careers","✓ Ai, ✓ 0–5 years experience accepted, ✓ Education qualifications satisfied",rec_ash_linear_b4a7764e-c680-4bdf-9956-dc78f2ca94d5,57.0%,NO,https://jobs.ashbyhq.com/linear/b4a7764e-c680-4bdf-9956-dc78f2ca94d5,2026-09-28T15:19:15.351525+00:00
https://jobs.ashbyhq.com/perplexity/7755eb0a-0f51-4286-b75e-591e44c741bc,San Francisco,Perplexity,perplexity.ai,2026-04-13T19:44:45.880+00:00,fulltime,0-5 yrs,False,Member of Technical Staff (Answer Quality & Evals),San Francisco,57.0,Ashby,"⚠ Python not explicitly emphasized, ⚠ React not explicitly emphasized, ⚠ Located in San Francisco","{'freshness_score': 80.0, 'source_confidence': 98.0, 'listing_quality_score': 85.0, 'risk_signals': []}",remote,Not Disclosed,"{'skills': {'score': 5, 'max': 30}, 'role': {'score': 16, 'max': 20}, 'experience': {'score': 15, 'max': 15}, 'location': {'score': 2, 'max': 10}, 'education': {'score': 5, 'max': 5}, 'employment': {'score': 3, 'max': 5}, 'salary': {'score': 4, 'max': 5}, 'freshness': {'score': 3, 'max': 5}, 'requirements': {'score': 4, 'max': 5}}",Software Development,"ashby, company-careers","✓ Ai, ✓ 0–5 years experience accepted, ✓ Education qualifications satisfied",rec_ash_perplexity_7755eb0a-0f51-4286-b75e-591e44c741bc,57.0%,NO,https://jobs.ashbyhq.com/perplexity/7755eb0a-0f51-4286-b75e-591e44c741bc,2026-09-28T15:19:15.351789+00:00
https://jobs.ashbyhq.com/perplexity/60deb376-51b5-46c6-9e17-55377a5ef34e,London,Perplexity,perplexity.ai,2026-04-13T19:40:57.103+00:00,fulltime,0-5 yrs,False,Member of Technical Staff (AI Infrastructure Engineer),London,57.0,Ashby,"⚠ Python not explicitly emphasized, ⚠ React not explicitly emphasized, ⚠ Located in London","{'freshness_score': 80.0, 'source_confidence': 98.0, 'listing_quality_score': 85.0, 'risk_signals': []}",remote,Not Disclosed,"{'skills': {'score': 5, 'max': 30}, 'role': {'score': 16, 'max': 20}, 'experience': {'score': 15, 'max': 15}, 'location': {'score': 2, 'max': 10}, 'education': {'score': 5, 'max': 5}, 'employment': {'score': 3, 'max': 5}, 'salary': {'score': 4, 'max': 5}, 'freshness': {'score': 3, 'max': 5}, 'requirements': {'score': 4, 'max': 5}}",Ai,"ashby, company-careers","✓ Ai, ✓ 0–5 years experience accepted, ✓ Education qualifications satisfied",rec_ash_perplexity_60deb376-51b5-46c6-9e17-55377a5ef34e,57.0%,NO,https://jobs.ashbyhq.com/perplexity/60deb376-51b5-46c6-9e17-55377a5ef34e,2026-09-28T15:19:15.352051+00:00
https://jobs.ashbyhq.com/perplexity/78675022-c4a7-41d2-9259-7c59be4de93c,San Francisco,Perplexity,perplexity.ai,2026-08-11T23:23:02.484+00:00,fulltime,0-5 yrs,False,"Member of Technical Staff (Software Engineer, Design System)",San Francisco,57.0,Ashby,"⚠ Python not explicitly emphasized, ⚠ React not explicitly emphasized, ⚠ Located in San Francisco","{'freshness_score': 80.0, 'source_confidence': 98.0, 'listing_quality_score': 85.0, 'risk_signals': []}",remote,Not Disclosed,"{'skills': {'score': 5, 'max': 30}, 'role': {'score': 16, 'max': 20}, 'experience': {'score': 15, 'max': 15}, 'location': {'score': 2, 'max': 10}, 'education': {'score': 5, 'max': 5}, 'employment': {'score': 3, 'max': 5}, 'salary': {'score': 4, 'max': 5}, 'freshness': {'score': 3, 'max': 5}, 'requirements': {'score': 4, 'max': 5}}",Software Development,"ashby, company-careers","✓ Ai, ✓ 0–5 years experience accepted, ✓ Education qualifications satisfied",rec_ash_perplexity_78675022-c4a7-41d2-9259-7c59be4de93c,57.0%,NO,https://jobs.ashbyhq.com/perplexity/78675022-c4a7-41d2-9259-7c59be4de93c,2026-09-28T15:19:15.352336+00:00
https://jobs.ashbyhq.com/perplexity/b00cbb00-f672-4909-a7be-bbd02c7d7b5f,San Francisco,Perplexity,perplexity.ai,2026-08-26T17:26:55.714+00:00,fulltime,0-5 yrs,False,"Member of Technical Staff (Software Engineer, Desktop Apps)",San Francisco,57.0,Ashby,"⚠ Python not explicitly emphasized, ⚠ React not explicitly emphasized, ⚠ Located in San Francisco","{'freshness_score': 80.0, 'source_confidence': 98.0, 'listing_quality_score': 85.0, 'risk_signals': []}",remote,Not Disclosed,"{'skills': {'score': 5, 'max': 30}, 'role': {'score': 16, 'max': 20}, 'experience': {'score': 15, 'max': 15}, 'location': {'score': 2, 'max': 10}, 'education': {'score': 5, 'max': 5}, 'employment': {'score': 3, 'max': 5}, 'salary': {'score': 4, 'max': 5}, 'freshness': {'score': 3, 'max': 5}, 'requirements': {'score': 4, 'max': 5}}",Software Development,"ashby, company-careers","✓ Ai, ✓ 0–5 years experience accepted, ✓ Education qualifications satisfied",rec_ash_perplexity_b00cbb00-f672-4909-a7be-bbd02c7d7b5f,57.0%,NO,https://jobs.ashbyhq.com/perplexity/b00cbb00-f672-4909-a7be-bbd02c7d7b5f,2026-09-28T15:19:15.352609+00:00
https://jobs.ashbyhq.com/perplexity/31dfcb60-a0df-4983-b3a4-d653cdc0aa8f,San Francisco,Perplexity,perplexity.ai,2026-07-23T23:01:27.682+00:00,fulltime,0-5 yrs,False,"AI Strategist, Financial Services",San Francisco,57.0,Ashby,"⚠ Python not explicitly emphasized, ⚠ React not explicitly emphasized, ⚠ Located in San Francisco","{'freshness_score': 80.0, 'source_confidence': 98.0, 'listing_quality_score': 70.0, 'risk_signals': []}",remote,Not Disclosed,"{'skills': {'score': 5, 'max': 30}, 'role': {'score': 16, 'max': 20}, 'experience': {'score': 15, 'max': 15}, 'location': {'score': 2, 'max': 10}, 'education': {'score': 5, 'max': 5}, 'employment': {'score': 3, 'max': 5}, 'salary': {'score': 4, 'max': 5}, 'freshness': {'score': 3, 'max': 5}, 'requirements': {'score': 4, 'max': 5}}",Ai,"ashby, company-careers","✓ Ai, ✓ 0–5 years experience accepted, ✓ Education qualifications satisfied",rec_ash_perplexity_31dfcb60-a0df-4983-b3a4-d653cdc0aa8f,57.0%,NO,https://jobs.ashbyhq.com/perplexity/31dfcb60-a0df-4983-b3a4-d653cdc0aa8f,2026-09-28T15:19:15.352878+00:00
https://jobs.ashbyhq.com/perplexity/2c6ae16b-d03e-4e33-9d32-362c5388e956,San Francisco,Perplexity,perplexity.ai,2026-07-30T18:12:04.348+00:00,fulltime,0-5 yrs,False,Member of Technical Staff (Model Behavior),San Francisco,57.0,Ashby,"⚠ Python not explicitly emphasized, ⚠ React not explicitly emphasized, ⚠ Located in San Francisco","{'freshness_score': 80.0, 'source_confidence': 98.0, 'listing_quality_score': 85.0, 'risk_signals': []}",remote,Not Disclosed,"{'skills': {'score': 5, 'max': 30}, 'role': {'score': 16, 'max': 20}, 'experience': {'score': 15, 'max': 15}, 'location': {'score': 2, 'max': 10}, 'education': {'score': 5, 'max': 5}, 'employment': {'score': 3, 'max': 5}, 'salary': {'score': 4, 'max': 5}, 'freshness': {'score': 3, 'max': 5}, 'requirements': {'score': 4, 'max': 5}}",Software Development,"ashby, company-careers","✓ Ai, ✓ 0–5 years experience accepted, ✓ Education qualifications satisfied",rec_ash_perplexity_2c6ae16b-d03e-4e33-9d32-362c5388e956,57.0%,NO,https://jobs.ashbyhq.com/perplexity/2c6ae16b-d03e-4e33-9d32-362c5388e956,2026-09-28T15:19:15.353845+00:00
https://jobs.ashbyhq.com/perplexity/f4d81f6b-958c-4bc0-a9aa-9850c3508ca9,San Francisco,Perplexity,perplexity.ai,2026-09-01T19:09:29.116+00:00,fulltime,0-5 yrs,False,Strategic Finance Lead - AI,San Francisco,57.0,Ashby,"⚠ Python not explicitly emphasized, ⚠ React not explicitly emphasized, ⚠ Located in San Francisco","{'freshness_score': 80.0, 'source_confidence': 98.0, 'listing_quality_score': 70.0, 'risk_signals': []}",remote,Not Disclosed,"{'skills': {'score': 5, 'max': 30}, 'role': {'score': 16, 'max': 20}, 'experience': {'score': 15, 'max': 15}, 'location': {'score': 2, 'max': 10}, 'education': {'score': 5, 'max': 5}, 'employment': {'score': 3, 'max': 5}, 'salary': {'score': 4, 'max': 5}, 'freshness': {'score': 3, 'max': 5}, 'requirements': {'score': 4, 'max': 5}}",Ai,"ashby, company-careers","✓ Ai, ✓ 0–5 years experience accepted, ✓ Education qualifications satisfied",rec_ash_perplexity_f4d81f6b-958c-4bc0-a9aa-9850c3508ca9,57.0%,NO,https://jobs.ashbyhq.com/perplexity/f4d81f6b-958c-4bc0-a9aa-9850c3508ca9,2026-09-28T15:19:15.354421+00:00
https://jobs.ashbyhq.com/cursor/232223c1-913a-4318-982b-1970e2842710,APJ,Cursor,cursor.com,2026-09-02T19:17:50.938+00:00,fulltime,0-5 yrs,False,"Strategic Account Executive, Enterprise - Thailand",APJ,57.0,Ashby,"⚠ Python not explicitly emphasized, ⚠ React not explicitly emphasized, ⚠ Located in APJ","{'freshness_score': 80.0, 'source_confidence': 98.0, 'listing_quality_score': 85.0, 'risk_signals': []}",remote,Not Disclosed,"{'skills': {'score': 5, 'max': 30}, 'role': {'score': 16, 'max': 20}, 'experience': {'score': 15, 'max': 15}, 'location': {'score': 2, 'max': 10}, 'education': {'score': 5, 'max': 5}, 'employment': {'score': 3, 'max': 5}, 'salary': {'score': 4, 'max': 5}, 'freshness': {'score': 3, 'max': 5}, 'requirements': {'score': 4, 'max': 5}}",Ai,"ashby, company-careers","✓ Ai, ✓ 0–5 years experience accepted, ✓ Education qualifications satisfied",rec_ash_cursor_232223c1-913a-4318-982b-1970e2842710,57.0%,NO,https://jobs.ashbyhq.com/cursor/232223c1-913a-4318-982b-1970e2842710,2026-09-28T15:19:15.354954+00:00
https://jobs.ashbyhq.com/cursor/e3ccb495-a8a3-4ff0-a27b-262188abb9df,Singapore,Cursor,cursor.com,2026-09-18T07:26:10.318+00:00,fulltime,0-5 yrs,False,AI Deployment Manager - Singapore,Singapore,57.0,Ashby,"⚠ Python not explicitly emphasized, ⚠ React not explicitly emphasized, ⚠ Located in Singapore","{'freshness_score': 80.0, 'source_confidence': 98.0, 'listing_quality_score': 85.0, 'risk_signals': []}",remote,Not Disclosed,"{'skills': {'score': 5, 'max': 30}, 'role': {'score': 16, 'max': 20}, 'experience': {'score': 15, 'max': 15}, 'location': {'score': 2, 'max': 10}, 'education': {'score': 5, 'max': 5}, 'employment': {'score': 3, 'max': 5}, 'salary': {'score': 4, 'max': 5}, 'freshness': {'score': 3, 'max': 5}, 'requirements': {'score': 4, 'max': 5}}",Ai,"ashby, company-careers","✓ Ai, ✓ 0–5 years experience accepted, ✓ Education qualifications satisfied",rec_ash_cursor_e3ccb495-a8a3-4ff0-a27b-262188abb9df,57.0%,NO,https://jobs.ashbyhq.com/cursor/e3ccb495-a8a3-4ff0-a27b-262188abb9df,2026-09-28T15:19:15.355464+00:00
https://www.linkedin.com/jobs/search/?keywords=Python+React+python+react&location=Bangalore&sortBy=DD,Bangalore,LinkedIn Live Job Search,linkedin.com,2026-09-28T15:19:15.188523+00:00,full-time,0.0-1.0 yrs,True,Explore 'Python React python react' Roles on LinkedIn,Bangalore,92.0,Linkedin,,"{'freshness_score': 95.0, 'source_confidence': 80.0, 'listing_quality_score': 85.0, 'risk_signals': []}",remote,Not Disclosed,"{'skills': {'score': 30, 'max': 30}, 'role': {'score': 16, 'max': 20}, 'experience': {'score': 15, 'max': 15}, 'location': {'score': 10, 'max': 10}, 'education': {'score': 5, 'max': 5}, 'employment': {'score': 3, 'max': 5}, 'salary': {'score': 4, 'max': 5}, 'freshness': {'score': 5, 'max': 5}, 'requirements': {'score': 4, 'max': 5}}","Python, React, Javascript, Ml, Ai, Sql",linkedin,"✓ Python, ✓ React, ✓ Javascript, ✓ Ml, ✓ Ai",rec_linkout_linkedin,92.0%,NO,https://www.linkedin.com/jobs/search/?keywords=Python+React+python+react&location=Bangalore&sortBy=DD,2026-09-28T15:19:15.355833+00:00
https://in.indeed.com/jobs?q=Python+React+python+react&l=Bangalore&sort=date,Bangalore,Indeed Live Job Search,in.indeed.com,2026-09-28T15:19:15.188625+00:00,full-time,0.0-1.0 yrs,True,Explore 'Python React python react' Roles on Indeed,Bangalore,92.0,Indeed,,"{'freshness_score': 95.0, 'source_confidence': 80.0, 'listing_quality_score': 85.0, 'risk_signals': []}",remote,Not Disclosed,"{'skills': {'score': 30, 'max': 30}, 'role': {'score': 16, 'max': 20}, 'experience': {'score': 15, 'max': 15}, 'location': {'score': 10, 'max': 10}, 'education': {'score': 5, 'max': 5}, 'employment': {'score': 3, 'max': 5}, 'salary': {'score': 4, 'max': 5}, 'freshness': {'score': 5, 'max': 5}, 'requirements': {'score': 4, 'max': 5}}","Python, React, Javascript, Ml, Ai, Sql",indeed,"✓ Python, ✓ React, ✓ Javascript, ✓ Ml, ✓ Ai",rec_linkout_indeed,92.0%,NO,https://in.indeed.com/jobs?q=Python+React+python+react&l=Bangalore&sort=date,2026-09-28T15:19:15.356113+00:00
https://www.naukri.com/python-react-python-react-jobs-in-bangalore,Bangalore,Naukri Live Job Search,naukri.com,2026-09-28T15:19:15.188692+00:00,full-time,0.0-1.0 yrs,True,Explore 'Python React python react' Roles on Naukri,Bangalore,92.0,Naukri,,"{'freshness_score': 95.0, 'source_confidence': 80.0, 'listing_quality_score': 85.0, 'risk_signals': []}",remote,Not Disclosed,"{'skills': {'score': 30, 'max': 30}, 'role': {'score': 16, 'max': 20}, 'experience': {'score': 15, 'max': 15}, 'location': {'score': 10, 'max': 10}, 'education': {'score': 5, 'max': 5}, 'employment': {'score': 3, 'max': 5}, 'salary': {'score': 4, 'max': 5}, 'freshness': {'score': 5, 'max': 5}, 'requirements': {'score': 4, 'max': 5}}","Python, React, Javascript, Ml, Ai, Sql",naukri,"✓ Python, ✓ React, ✓ Javascript, ✓ Ml, ✓ Ai",rec_linkout_naukri,92.0%,NO,https://www.naukri.com/python-react-python-react-jobs-in-bangalore,2026-09-28T15:19:15.356442+00:00
