apply_link,city,company,company_domain,date_posted,description,description_snippet,employment_type,experience_years,is_link_out,job_title,location,match_score,modality_detail,platform_source,potential_gaps,quality_signals,remote_type,salary_range,score_breakdown,skills,sources,why_it_matches,work_modality,record_id,confidence_score,human_review,source_url,timestamp
https://in.linkedin.com/jobs/view/senior-frontend-developer-at-prepladder-4461966225,Bangalore,PrepLadder,linkedin.com,2026-09-30T02:06:34.761765+00:00,"About Us: PrepLadder is a leading medical learning platform helping students and doctors prepare for competitive medical exams. We’re building impactful learning experiences at the intersection of education, technology, and healthcare , with a mission to help millions of medical aspirants achieve their career goals. About the Role: We’re looking for a Senior Frontend Developer (SDE II ) who has solid hands-on experience with React.js and enjoys building clean, scalable user interfaces. You’ll work closely with product, design, and backend teams to ship features used by a large user base. Key Responsibilities: Develop and maintai n responsive, scalable, and high-performance web applicatio ns usin g React.js and Next.js Translat e UI/UX desig ns into clean, efficient, and reusable frontend components. Optimize applications for maximum speed, performance, and scalability. Collaborate with product managers, designers, and backend engineers to define and deliver features. Write clean, maintainable, and testable code following best practices. Integrate frontend applications with RESTful APIs and backend services. Ensure cross-browser compatibility and mobile responsiveness. Required Skills & Qualifications: 2–4 years of hands-on experience in frontend development. Strong proficiency in JavaScript, React.js, and Next.js. Experience with HTML5, CSS3, and modern styling approaches (CSS Modules, Styled Components, Tailwind, etc.). Good understanding of state management (Redux, Context API, or similar). Experience working with REST APIs and asynchronous data handling. Familiarity with version control systems like Git. Ability to work in a fast-paced, agile environment. What We Offer Opportunity to work on high-impact products used by millions of learners. Collaborative and fast-paced work environment. Competitive compensation and benefits. Strong learning and growth opportunities.","About Us: PrepLadder is a leading medical learning platform helping students and doctors prepare for competitive medical exams. We’re building impactful learning experiences at the intersection of education, technology, and healthcare , with a mission to help millions of medical aspirants achieve their career goals. About the Role: We’re looking for a Senior Frontend Developer (SDE II ) who has so",full-time,0-2 yrs,False,Senior Frontend Developer,"Bengaluru, Karnataka, India",97.0,Offline (On-site),Linkedin,,"{'freshness_score': 95.0, 'source_confidence': 80.0, 'listing_quality_score': 95.0, 'risk_signals': []}",on-site,Not Disclosed,"{'skills': {'score': 30, 'max': 30}, 'role': {'score': 20, 'max': 20}, 'experience': {'score': 14, 'max': 15}, 'location': {'score': 10, 'max': 10}, 'education': {'score': 5, 'max': 5}, 'employment': {'score': 5, 'max': 5}, 'salary': {'score': 4, 'max': 5}, 'freshness': {'score': 5, 'max': 5}, 'requirements': {'score': 4, 'max': 5}}",React,linkedin,"✓ React, ✓ Target role match (Frontend Developer), ✓ Offline fit: Bengaluru, Karnataka, India at PrepLadder, ✓ Education qualifications satisfied, ✓ Full-Time employment type",Offline,rec_wf_43ddd234c9_li_4461966225_0,97.0%,NO,https://in.linkedin.com/jobs/view/senior-frontend-developer-at-prepladder-4461966225,2026-09-30T02:06:35.696182+00:00
https://in.linkedin.com/jobs/view/senior-frontend-engineer-i-confluent-at-ibm-4461880487,Bangalore,IBM,linkedin.com,2026-09-30T02:06:34.761966+00:00,"Introduction At IBM Software, we transform client challenges into solutions. Building the world’s leading AI-powered, cloud-native products that shape the future of business and society. Our legacy of innovation creates endless opportunities for IBMers to learn, grow, and make an impact on a global scale. Working in Software means joining a team fueled by curiosity and collaboration. You’ll work with diverse technologies, partners, and industries to design, develop, and deliver solutions that power digital transformation. With a culture that values innovation, growth, and continuous learning, IBM Software places you at the heart of IBM’s product and technology landscape. Here, you’ll have the tools and opportunities to advance your career while creating software that changes the world. Your Role And Responsibilities About the Role: We are looking for a Senior Frontend Engineer interested in building engaging and insightful products for managing and visualising large scale distributed real-time data streams. Data flow is central to how companies operate, and we aim to make that experience intuitive and attractive. As a Front-End Software Engineer, you will be responsible for creating new visualisations and interfaces that scale with Apache Kafka. More About Our Stack Our Cloud UI stack is written in Typescript and built based on React. The UI connects to multiple REST and GraphQL APIs. We unit test our code with Jest. We deploy the UI to production every day, with the ability to test each and every commit in production (even PRs) before it goes live. Feature flags unblock us from coordinating releases with backend teams Bots keep all of our dependencies up to date What You Will Do As a Senior Frontend Engineer, you will build engaging and insightful products for managing and visualizing large scale distributed data streams, make data flow intuitive and attractive, and build client-side web applications for data-intensive applications. You Will Build new features using advanced knowledge based on user requirements and make revisions to features based on feedback Build platform as a service (PaaS) product Take user requirements and vet the application program interface (API) contracts and user interface (UI) wireframes against them. Work with backend software engineers to understand the API contract and ensure the user experience is not degraded due to performance constraints from the backend APIs. Work with designers to understand and build components stylin","Introduction At IBM Software, we transform client challenges into solutions. Building the world’s leading AI-powered, cloud-native products that shape the future of business and society. Our legacy of innovation creates endless opportunities for IBMers to learn, grow, and make an impact on a global scale. Working in Software means joining a team fueled by curiosity and collaboration. You’ll work w",full-time,0-2 yrs,False,Senior Frontend Engineer I - Confluent,"Bengaluru, Karnataka, India",97.0,Offline (On-site),Linkedin,,"{'freshness_score': 95.0, 'source_confidence': 80.0, 'listing_quality_score': 95.0, 'risk_signals': []}",on-site,Not Disclosed,"{'skills': {'score': 30, 'max': 30}, 'role': {'score': 20, 'max': 20}, 'experience': {'score': 14, 'max': 15}, 'location': {'score': 10, 'max': 10}, 'education': {'score': 5, 'max': 5}, 'employment': {'score': 5, 'max': 5}, 'salary': {'score': 4, 'max': 5}, 'freshness': {'score': 5, 'max': 5}, 'requirements': {'score': 4, 'max': 5}}",React,linkedin,"✓ React, ✓ Target role match (Frontend Developer), ✓ Offline fit: Bengaluru, Karnataka, India at IBM, ✓ Education qualifications satisfied, ✓ Full-Time employment type",Offline,rec_wf_43ddd234c9_li_4461880487_1,97.0%,NO,https://in.linkedin.com/jobs/view/senior-frontend-engineer-i-confluent-at-ibm-4461880487,2026-09-30T02:06:35.699762+00:00
https://in.linkedin.com/jobs/view/sr-frontend-engineer-at-itcart-4433707976,Bangalore,iTCart,linkedin.com,2026-09-30T02:06:34.762024+00:00,"Live opening for Sr Frontend Engineer at iTCart in Bengaluru, Karnataka, India. Posted: 2 months ago. Apply directly on LinkedIn.","Live opening for Sr Frontend Engineer at iTCart in Bengaluru, Karnataka, India. Posted: 2 months ago. Apply directly on LinkedIn.",full-time,0-2 yrs,False,Sr Frontend Engineer,"Bengaluru, Karnataka, India",97.0,Offline (On-site),Linkedin,,"{'freshness_score': 95.0, 'source_confidence': 80.0, 'listing_quality_score': 85.0, 'risk_signals': []}",on-site,Not Disclosed,"{'skills': {'score': 30, 'max': 30}, 'role': {'score': 20, 'max': 20}, 'experience': {'score': 14, 'max': 15}, 'location': {'score': 10, 'max': 10}, 'education': {'score': 5, 'max': 5}, 'employment': {'score': 5, 'max': 5}, 'salary': {'score': 4, 'max': 5}, 'freshness': {'score': 5, 'max': 5}, 'requirements': {'score': 4, 'max': 5}}",React,linkedin,"✓ React, ✓ Target role match (Frontend Developer), ✓ Offline fit: Bengaluru, Karnataka, India at iTCart, ✓ Education qualifications satisfied, ✓ Full-Time employment type",Offline,rec_wf_43ddd234c9_li_4433707976_2,97.0%,NO,https://in.linkedin.com/jobs/view/sr-frontend-engineer-at-itcart-4433707976,2026-09-30T02:06:35.700811+00:00
https://in.linkedin.com/jobs/view/software-development-engineer-ii-frontend-at-sigmoid-4471871344,Bangalore,Sigmoid,linkedin.com,2026-09-30T02:06:34.762050+00:00,"Live opening for Software Development Engineer II - Frontend at Sigmoid in Bengaluru, Karnataka, India. Posted: 4 days ago. Apply directly on LinkedIn.","Live opening for Software Development Engineer II - Frontend at Sigmoid in Bengaluru, Karnataka, India. Posted: 4 days ago. Apply directly on LinkedIn.",full-time,0-2 yrs,False,Software Development Engineer II - Frontend,"Bengaluru, Karnataka, India",97.0,Offline (On-site),Linkedin,,"{'freshness_score': 95.0, 'source_confidence': 80.0, 'listing_quality_score': 85.0, 'risk_signals': []}",on-site,Not Disclosed,"{'skills': {'score': 30, 'max': 30}, 'role': {'score': 20, 'max': 20}, 'experience': {'score': 14, 'max': 15}, 'location': {'score': 10, 'max': 10}, 'education': {'score': 5, 'max': 5}, 'employment': {'score': 5, 'max': 5}, 'salary': {'score': 4, 'max': 5}, 'freshness': {'score': 5, 'max': 5}, 'requirements': {'score': 4, 'max': 5}}",React,linkedin,"✓ React, ✓ Target role match (Frontend Developer), ✓ Offline fit: Bengaluru, Karnataka, India at Sigmoid, ✓ Education qualifications satisfied, ✓ Full-Time employment type",Offline,rec_wf_43ddd234c9_li_4471871344_3,97.0%,NO,https://in.linkedin.com/jobs/view/software-development-engineer-ii-frontend-at-sigmoid-4471871344,2026-09-30T02:06:35.701793+00:00
https://in.linkedin.com/jobs/view/software-engineer-frontend-at-simbian-4471327516,Bangalore,Simbian,linkedin.com,2026-09-30T02:06:34.762129+00:00,"Live opening for Software Engineer (Frontend) at Simbian in Bengaluru East, Karnataka, India. Posted: 2 days ago. Apply directly on LinkedIn.","Live opening for Software Engineer (Frontend) at Simbian in Bengaluru East, Karnataka, India. Posted: 2 days ago. Apply directly on LinkedIn.",full-time,0-2 yrs,False,Software Engineer (Frontend),"Bengaluru East, Karnataka, India",97.0,Offline (On-site),Linkedin,,"{'freshness_score': 95.0, 'source_confidence': 80.0, 'listing_quality_score': 85.0, 'risk_signals': []}",on-site,Not Disclosed,"{'skills': {'score': 30, 'max': 30}, 'role': {'score': 20, 'max': 20}, 'experience': {'score': 14, 'max': 15}, 'location': {'score': 10, 'max': 10}, 'education': {'score': 5, 'max': 5}, 'employment': {'score': 5, 'max': 5}, 'salary': {'score': 4, 'max': 5}, 'freshness': {'score': 5, 'max': 5}, 'requirements': {'score': 4, 'max': 5}}",React,linkedin,"✓ React, ✓ Target role match (Frontend Developer), ✓ Offline fit: Bengaluru East, Karnataka, India at Simbian, ✓ Education qualifications satisfied, ✓ Full-Time employment type",Offline,rec_wf_43ddd234c9_li_4471327516_4,97.0%,NO,https://in.linkedin.com/jobs/view/software-engineer-frontend-at-simbian-4471327516,2026-09-30T02:06:35.702681+00:00
https://in.linkedin.com/jobs/view/software-engineer-frontend-react-typescript-104088-at-mycareernet-4470826800,Bangalore,MyCareernet,linkedin.com,2026-09-30T02:06:34.762156+00:00,"Live opening for Software Engineer Frontend (React / TypeScript)_104088 at MyCareernet in Bengaluru, Karnataka, India. Posted: 1 day ago. Apply directly on LinkedIn.","Live opening for Software Engineer Frontend (React / TypeScript)_104088 at MyCareernet in Bengaluru, Karnataka, India. Posted: 1 day ago. Apply directly on LinkedIn.",full-time,0-2 yrs,False,Software Engineer Frontend (React / TypeScript)_104088,"Bengaluru, Karnataka, India",97.0,Offline (On-site),Linkedin,,"{'freshness_score': 95.0, 'source_confidence': 80.0, 'listing_quality_score': 85.0, 'risk_signals': []}",on-site,Not Disclosed,"{'skills': {'score': 30, 'max': 30}, 'role': {'score': 20, 'max': 20}, 'experience': {'score': 14, 'max': 15}, 'location': {'score': 10, 'max': 10}, 'education': {'score': 5, 'max': 5}, 'employment': {'score': 5, 'max': 5}, 'salary': {'score': 4, 'max': 5}, 'freshness': {'score': 5, 'max': 5}, 'requirements': {'score': 4, 'max': 5}}",React,linkedin,"✓ React, ✓ Target role match (Frontend Developer), ✓ Offline fit: Bengaluru, Karnataka, India at MyCareernet, ✓ Education qualifications satisfied, ✓ Full-Time employment type",Offline,rec_wf_43ddd234c9_li_4470826800_5,97.0%,NO,https://in.linkedin.com/jobs/view/software-engineer-frontend-react-typescript-104088-at-mycareernet-4470826800,2026-09-30T02:06:35.703589+00:00
https://in.linkedin.com/jobs/view/front-end-developer-at-tradelab-technologies-4431243645,Bangalore,Tradelab Technologies,linkedin.com,2026-09-30T02:06:34.761611+00:00,"About Us At Tradelab Technologies Pvt Ltd, we don’t just build web applications, we create high-performance trading platforms tailored for brokers and financial institutions. Our platforms power real-time market analysis, ultra-low-latency trade execution, and seamless broker-client interactions. We work in a high-stakes, outcome-driven environment where brokers demand reliability, speed, and security. If you're an expert React developer who thrives on solving complex front-end engineering challenges in the brokerage and trading domain, this is the role for you. For more info, visit: https://tradelab.in/ Job Summary We are looking for a talented Front-End Developer with strong expertise in modern JavaScript frameworks and responsive web development. The ideal candidate should have hands-on experience with Next.js, React.js, Redux Toolkit, and front-end technologies to build scalable, high-performance, and user-friendly web applications. Key Responsibilities Develop and maintain responsive web applications using Next.js and React.js. Build reusable, modular, and maintainable UI components. Implement state management using Redux Toolkit. Collaborate with UI/UX designers to translate designs into high-quality user interfaces. Optimize applications for maximum speed, scalability, and cross-browser compatibility. Integrate front-end applications with REST APIs and backend services. Troubleshoot, debug, and enhance existing applications. Participate in code reviews and follow best development practices. Required Skills Strong experience with Next.js and React.js. Proficiency in JavaScript (ES6+), HTML5, and CSS3. Hands-on experience with Redux Toolkit for state management. Experience with Tailwind CSS and Bootstrap. Knowledge of responsive design and mobile-first development. Familiarity with RESTful APIs and JSON. Experience with Git and version control systems. Understanding of modern front-end development workflows and best practices. Educational Qualification B.E./B.Tech/MCA in Computer Science, Information Technology, Software Engineering, or a related field from a recognized university.","About Us At Tradelab Technologies Pvt Ltd, we don’t just build web applications, we create high-performance trading platforms tailored for brokers and financial institutions. Our platforms power real-time market analysis, ultra-low-latency trade execution, and seamless broker-client interactions. We work in a high-stakes, outcome-driven environment where brokers demand reliability, speed, and secu",full-time,0-2 yrs,False,Front-End Developer,"Bengaluru East, Karnataka, India",83.0,Offline (On-site),Linkedin,⚠ Role title differs from target keywords,"{'freshness_score': 95.0, 'source_confidence': 80.0, 'listing_quality_score': 95.0, 'risk_signals': []}",on-site,Not Disclosed,"{'skills': {'score': 30, 'max': 30}, 'role': {'score': 6, 'max': 20}, 'experience': {'score': 14, 'max': 15}, 'location': {'score': 10, 'max': 10}, 'education': {'score': 5, 'max': 5}, 'employment': {'score': 5, 'max': 5}, 'salary': {'score': 4, 'max': 5}, 'freshness': {'score': 5, 'max': 5}, 'requirements': {'score': 4, 'max': 5}}",React,linkedin,"✓ React, ✓ Offline fit: Bengaluru East, Karnataka, India at Tradelab Technologies, ✓ Education qualifications satisfied, ✓ Full-Time employment type, ✓ Fresh posting (< 24h old)",Offline,rec_wf_43ddd234c9_li_4431243645_6,83.0%,NO,https://in.linkedin.com/jobs/view/front-end-developer-at-tradelab-technologies-4431243645,2026-09-30T02:06:35.704867+00:00
https://in.linkedin.com/jobs/view/react-js-developer-at-tata-consultancy-services-4463271056,Bangalore,Tata Consultancy Services,linkedin.com,2026-09-30T02:06:34.761835+00:00,"Greetings From TCS !!! Exp: 5 to 12 Location: Chennai, Bengalore, Hyderabad JOB Description Key Responsibilities: Build responsive and user-friendly web applications using React.js . Develop reusable UI components and integrate with REST APIs/GraphQL. Ensure cross-browser compatibility and mobile responsiveness. Collaborate with backend developers, designers, and QA teams. Optimize application performance and maintain code quality. Technical Requirements: 6 years frontend development experience with React.js . Strong knowledge of JavaScript (ES6+), HTML5, CSS3 . Familiarity with state management (Redux, Context API). Experience with REST/GraphQL API integration . Knowledge of Git, CI/CD, and testing frameworks (Jest, React Testing Library). Good problem-solving and communication skills. Ability to work in a fast-paced Agile environment. Preferred Skills (Good to Have): Exposure cloud platforms (AWS, Azure, GCP). Experience with Reactive Programming (Spring Web Flux) or GraphQL APIs . Knowledge of Domain-Driven Design (DDD) . Prior work in Agile/Scrum environments.","Greetings From TCS !!! Exp: 5 to 12 Location: Chennai, Bengalore, Hyderabad JOB Description Key Responsibilities: Build responsive and user-friendly web applications using React.js . Develop reusable UI components and integrate with REST APIs/GraphQL. Ensure cross-browser compatibility and mobile responsiveness. Collaborate with backend developers, designers, and QA teams. Optimize application per",full-time,0-2 yrs,False,React JS Developer,"Bengaluru, Karnataka, India",83.0,Offline (On-site),Linkedin,⚠ Role title differs from target keywords,"{'freshness_score': 95.0, 'source_confidence': 80.0, 'listing_quality_score': 95.0, 'risk_signals': []}",on-site,Not Disclosed,"{'skills': {'score': 30, 'max': 30}, 'role': {'score': 6, 'max': 20}, 'experience': {'score': 14, 'max': 15}, 'location': {'score': 10, 'max': 10}, 'education': {'score': 5, 'max': 5}, 'employment': {'score': 5, 'max': 5}, 'salary': {'score': 4, 'max': 5}, 'freshness': {'score': 5, 'max': 5}, 'requirements': {'score': 4, 'max': 5}}",React,linkedin,"✓ React, ✓ Offline fit: Bengaluru, Karnataka, India at Tata Consultancy Services, ✓ Education qualifications satisfied, ✓ Full-Time employment type, ✓ Fresh posting (< 24h old)",Offline,rec_wf_43ddd234c9_li_4463271056_7,83.0%,NO,https://in.linkedin.com/jobs/view/react-js-developer-at-tata-consultancy-services-4463271056,2026-09-30T02:06:35.706730+00:00
https://www.okta.com/company/careers/opportunity/8185311?gh_jid=8185311,Bangalore,Okta,okta.com,2026-09-29T08:31:27-04:00,"Role: Senior Fullstack Engineer (Java + React.js) at Okta. Department: Engineering. Location: Bengaluru, India.","Role: Senior Fullstack Engineer (Java + React.js) at Okta. Department: Engineering. Location: Bengaluru, India.",full-time,0-5 yrs,False,Senior Fullstack Engineer (Java + React.js),"Bangalore, Karnataka, India",83.0,Offline (On-site),Greenhouse,⚠ Role title differs from target keywords,"{'freshness_score': 95.0, 'source_confidence': 98.0, 'listing_quality_score': 85.0, 'risk_signals': []}",on-site,Not Disclosed,"{'skills': {'score': 30, 'max': 30}, 'role': {'score': 6, 'max': 20}, 'experience': {'score': 14, 'max': 15}, 'location': {'score': 10, 'max': 10}, 'education': {'score': 5, 'max': 5}, 'employment': {'score': 5, 'max': 5}, 'salary': {'score': 4, 'max': 5}, 'freshness': {'score': 5, 'max': 5}, 'requirements': {'score': 4, 'max': 5}}",React,"greenhouse, company-careers","✓ React, ✓ Offline fit: Bangalore, Karnataka, India at Okta, ✓ Education qualifications satisfied, ✓ Full-Time employment type, ✓ Fresh posting (< 24h old)",Offline,rec_wf_43ddd234c9_gh_okta_8185311_8,83.0%,NO,https://www.okta.com/company/careers/opportunity/8185311?gh_jid=8185311,2026-09-30T02:06:35.707882+00:00
https://www.okta.com/company/careers/opportunity/8119089?gh_jid=8119089,Bangalore,Okta,okta.com,2026-09-21T12:43:00-04:00,"Role: Senior Fullstack Engineer [ Node.js Heavy + React ] at Okta. Department: Engineering. Location: Bengaluru, India.","Role: Senior Fullstack Engineer [ Node.js Heavy + React ] at Okta. Department: Engineering. Location: Bengaluru, India.",full-time,0-5 yrs,False,Senior Fullstack Engineer [ Node.js Heavy + React ],"Bangalore, Karnataka, India",81.0,Offline (On-site),Greenhouse,⚠ Role title differs from target keywords,"{'freshness_score': 80.0, 'source_confidence': 98.0, 'listing_quality_score': 85.0, 'risk_signals': []}",on-site,Not Disclosed,"{'skills': {'score': 30, 'max': 30}, 'role': {'score': 6, 'max': 20}, 'experience': {'score': 14, 'max': 15}, 'location': {'score': 10, 'max': 10}, 'education': {'score': 5, 'max': 5}, 'employment': {'score': 5, 'max': 5}, 'salary': {'score': 4, 'max': 5}, 'freshness': {'score': 3, 'max': 5}, 'requirements': {'score': 4, 'max': 5}}",React,"greenhouse, company-careers","✓ React, ✓ Offline fit: Bangalore, Karnataka, India at Okta, ✓ Education qualifications satisfied, ✓ Full-Time employment type",Offline,rec_wf_43ddd234c9_gh_okta_8119089_9,81.0%,NO,https://www.okta.com/company/careers/opportunity/8119089?gh_jid=8119089,2026-09-30T02:06:35.708831+00:00
https://www.okta.com/company/careers/opportunity/7929542?gh_jid=7929542,Bangalore,Okta,okta.com,2026-09-21T12:43:00-04:00,"Role: Staff FullStack Engineer - Backend Focused (Java & React/Typescript) at Okta. Department: Engineering. Location: Bengaluru, India.","Role: Staff FullStack Engineer - Backend Focused (Java & React/Typescript) at Okta. Department: Engineering. Location: Bengaluru, India.",full-time,0-5 yrs,False,Staff FullStack Engineer - Backend Focused (Java & React/Typescript),"Bangalore, Karnataka, India",81.0,Offline (On-site),Greenhouse,⚠ Role title differs from target keywords,"{'freshness_score': 80.0, 'source_confidence': 98.0, 'listing_quality_score': 85.0, 'risk_signals': []}",on-site,Not Disclosed,"{'skills': {'score': 30, 'max': 30}, 'role': {'score': 6, 'max': 20}, 'experience': {'score': 14, 'max': 15}, 'location': {'score': 10, 'max': 10}, 'education': {'score': 5, 'max': 5}, 'employment': {'score': 5, 'max': 5}, 'salary': {'score': 4, 'max': 5}, 'freshness': {'score': 3, 'max': 5}, 'requirements': {'score': 4, 'max': 5}}",React,"greenhouse, company-careers","✓ React, ✓ Offline fit: Bangalore, Karnataka, India at Okta, ✓ Education qualifications satisfied, ✓ Full-Time employment type",Offline,rec_wf_43ddd234c9_gh_okta_7929542_10,81.0%,NO,https://www.okta.com/company/careers/opportunity/7929542?gh_jid=7929542,2026-09-30T02:06:35.709728+00:00
